<?xml version="1.0" encoding="UTF-8"?>

<!--Autogenerated by Cloudera CM on 2013-08-11T09:15:13.751Z-->
<configuration>
  <property>
    <name>fs.defaultFS</name>
    <value>hdfs://dpev209.innovate.ibm.com:8020</value>
  </property>
  <property>
    <name>fs.trash.interval</name>
    <value>1</value>
  </property>
  <property>
    <name>hadoop.security.authentication</name>
    <value>kerberos</value>
  </property>
  <property>
    <name>hadoop.rpc.protection</name>
    <value>authentication</value>
  </property>
  <property>
    <name>hadoop.security.auth_to_local</name>
    <value>RULE:[1:$1@$0](.*@\QIBM.COM\E$)s/@\QIBM.COM\E$//
RULE:[2:$1@$0](.*@\QIBM.COM\E$)s/@\QIBM.COM\E$//
DEFAULT</value>
  </property>
</configuration>
