<?xml version="1.0"?>
<?xml-stylesheet type="text/xsl" href="configuration.xsl"?>

<configuration>

<property>
<name>hbase.rootdir</name>
<value>file:///C:/cygwin/root/tmp/hbase/data</value>
<description></description>
</property>
<property>
<name>hbase.cluster.distributed</name>
<value>false</value>
</property>

<property>
<name>hbase.zookeeper.property.dataDir</name>
<value>file:///C:/cygwin/root/tmp/hbase/tmp</value>
<description>Property from ZooKeeper"s config zoo.cfg.
The directory where the snapshot is stored.
</description>
</property>

<property>
<name>hbase.zookeeper.quorum</name>
<value>127.0.0.1</value>
</property>

<property>
<name>hbase.zookeeper.property.clientPort</name>
<value>2181</value>
</property>


</configuration>
