<?xml version="1.0" encoding="UTF-8"?>

<!--Autogenerated by Cloudera CM on 2013-08-11T09:15:13.752Z-->
<configuration>
  <property>
    <name>hbase.rootdir</name>
    <value>hdfs://dpev209.innovate.ibm.com:8020/hbase</value>
  </property>
  <property>
    <name>hbase.client.write.buffer</name>
    <value>2097152</value>
  </property>
  <property>
    <name>hbase.client.pause</name>
    <value>1000</value>
  </property>
  <property>
    <name>hbase.client.retries.number</name>
    <value>10</value>
  </property>
  <property>
    <name>hbase.client.scanner.caching</name>
    <value>1</value>
  </property>
  <property>
    <name>hbase.client.keyvalue.maxsize</name>
    <value>10485760</value>
  </property>
  <property>
    <name>hbase.rpc.timeout</name>
    <value>120000</value>
  </property>
  <property>
    <name>hbase.security.authentication</name>
    <value>kerberos</value>
  </property>
  <property>
    <name>zookeeper.session.timeout</name>
    <value>6000000</value>
  </property>
  <property>
    <name>zookeeper.znode.parent</name>
    <value>/hbase</value>
  </property>
  <property>
    <name>zookeeper.znode.rootserver</name>
    <value>root-region-server</value>
  </property>
  <property>
    <name>hbase.zookeeper.quorum</name>
    <value>dpev209.innovate.ibm.com</value>
  </property>
  <property>
    <name>hbase.zookeeper.property.clientPort</name>
    <value>2181</value>
  </property>
  <property>
    <name>hbase.rpc.engine</name>
    <value>org.apache.hadoop.hbase.ipc.SecureRpcEngine</value>
  </property>
  <property>
    <name>hbase.master.kerberos.principal</name>
    <value>hbase/_HOST@IBM.COM</value>
  </property>
  <property>
    <name>hbase.regionserver.kerberos.principal</name>
    <value>hbase/_HOST@IBM.COM</value>
  </property>
</configuration>
